"","Clearance","Folding","PN-metabolism","PN-signaling","Protein synthesis","Trafficking","ER","HSP100","HSP40","HSP60","HSP70","HSP90","MITO","PFD","sHSP","TPR"
"AlzheimerDiseaseNormal",0,0,0,0,0,0,-0.885592134762058,-0.495436586346582,-1.2033805927229,-4.06102027709088,-3.33308044440471,-2.5351158118538,-1.35304294649779,-3.08488546620569,-0.461679636151543,-1.24914857020422
"AlzheimerDiseaseNeuroDegenerated",0,0,0,0,0,0,-0.694646421650378,-0.379264580519616,-0.571866426458473,-3.24100826003188,-1.32407949493314,-1.12057949927447,-0.32301578239855,-1.67905399550707,-0.585224693895615,-0.586824181263312
"HuntingtonDiseaseNormal",0,0,0,0,0,0,-0.625061738125898,-0.183915998875385,-0.103575617601935,-0.644608314199501,-0.476086481667418,-0.170280151870214,-0.129855594448682,-0.446051146318543,-0.431610572912315,-0.126691961879787
"HuntingtonDiseaseNeuroDegenerated",0,0,0,0,0,0,-0.507972468781813,-0.255383142818181,-0.290503614598872,-1.08096698040161,-0.684950632436951,-0.417387553510761,-0.197495140166325,-0.66901210010054,-0.204296079684589,-0.118078217824528
"ParkinsonDiseaseNormal",0,0,0,0,0,0,-0.430727216927289,-0.179088032829375,-0.057587952612431,-1.02932825095832,-0.989237333694616,-0.28933541679068,-0.0762848897141261,-0.292921287646259,-0.525946468591161,-0.0835498394659368
"ParkinsonDiseaseNeuroDegenerated",0,0,0,0,0,0,-0.546217288376622,-0.273805977472364,-0.317626568574023,-1.31171167220066,-1.25410635975301,-0.32470868722349,-0.325626960158066,-0.652145229077753,-0.334794216697234,-0.135833251160765
